W,T,X,N,Y,V,L,F,I,U,P,Z
T,U,X,P,Z,N,W,Y,L,I,V,F
N,U,Z,X,T,W,F,L,Y,P,V,I
W,U,Z,T,I,N,X,P,V,L,Y,F
F,Z,U,N,X,I,Y,W,T,L,V,P
Z,F,N,I,Y,V,P,X,W,T,U,L
W,N,F,L,Y,I,T,U,Z,V,P,X
Z,U,P,Y,I,N,T,W,X,L,V,F
T,Z,W,U,V,N,P,X,L,I,F,Y
T,I,N,F,X,P,V,Z,U,W,Y,L
U,Z,L,X,T,I,V,F,P,W,N,Y
U,X,T,I,Y,P,L,Z,V,N,W,F
Z,F,T,N,X,P,V,L,U,Y,I,W
U,X,N,Z,F,Y,V,W,T,L,I,P
T,X,W,N,U,F,V,P,Z,I,L,Y
P,N,X,T,W,U,F,I,L,Z,Y,V
L,U,N,W,Z,P,I,T,X,F,Y,V
N,W,P,X,Z,V,U,F,I,L,T,Y
X,N,T,P,I,F,V,Z,U,L,W,Y
Z,N,I,U,F,P,V,T,L,X,Y,W
X,N,V,I,Z,P,U,L,Y,W,F,T
P,W,F,V,Z,L,N,T,X,I,Y,U
T,W,U,Y,X,Z,V,L,F,P,I,N
T,I,P,F,Z,Y,W,U,X,L,N,V
N,I,Y,L,V,Z,U,X,F,P,W,T
Y,Z,W,T,P,X,U,L,I,V,F,N
X,N,I,U,F,L,W,P,V,T,Y,Z
W,X,P,N,V,Y,I,Z,F,U,T,L
W,I,L,Z,X,P,F,V,U,Y,T,N
U,L,T,N,W,F,Y,X,I,Z,V,P
X,U,Y,Z,F,V,N,T,L,W,I,P
I,Y,V,F,X,Z,W,U,T,N,P,L
Z,F,V,X,U,W,T,I,N,P,Y,L
Y,N,F,P,T,W,U,I,X,V,Z,L
X,N,Y,L,F,W,I,Z,T,U,V,P
Z,W,F,P,V,U,I,L,N,X,T,Y
L,X,F,W,I,T,Z,P,N,Y,V,U
Y,T,U,X,V,I,W,L,F,Z,P,N
N,V,T,F,W,Z,X,U,Y,P,I,L
I,T,N,X,P,Z,Y,U,V,L,W,F
Y,U,X,L,Z,F,V,T,I,N,P,W
I,F,U,X,L,P,V,N,Z,W,T,Y
Y,U,V,T,P,W,Z,I,N,F,L,X
P,L,F,T,V,W,N,Y,I,Z,X,U
L,I,N,Z,P,V,X,Y,F,W,U,T
Y,F,T,U,Z,P,X,I,W,L,V,N
F,X,I,U,Y,Z,N,L,T,P,W,V
Z,I,X,W,V,L,P,Y,F,U,T,N
U,Y,W,N,P,V,T,L,X,I,F,Z
T,N,I,F,V,Z,X,P,U,W,Y,L